date,city,temperature,humidity,aqi,precipitation,dengue_probability,malaria_probability,respiratory_issues_probability,cold_flu_probability,pneumonia_probability
2024-08-26,Delhi,33.6,61.3,89,3.2,0.22,0.11,0.2,0.32,0.24
2024-08-27,Delhi,39.2,64.1,113,5.4,0.18,0.94,0.33,0.22,0.18
2024-08-28,Delhi,12.2,36.2,283,1.1,0.18,0.29,0.85,0.12,0.23
2024-08-29,Delhi,29.2,55.0,84,3.3,0.31,0.22,0.25,0.29,0.2
2024-08-30,Delhi,16.9,32.2,221,1.2,0.36,0.23,0.9,0.17,0.18
2024-08-31,Delhi,17.7,46.6,170,2.5,0.17,0.28,0.88,0.21,0.27
2024-09-01,Delhi,38.5,49.7,81,3.1,0.2,0.29,0.43,0.37,0.28
2024-09-02,Delhi,10.4,58.2,248,7.0,0.2,0.29,0.8,0.25,0.22
2024-09-03,Delhi,30.4,63.5,179,5.3,0.21,0.77,0.93,0.19,0.24
2024-09-04,Delhi,14.4,33.7,173,2.1,0.39,0.23,0.77,0.22,0.28
2024-09-05,Delhi,30.7,31.5,275,9.1,0.37,0.66,0.77,0.17,0.16
2024-09-06,Delhi,36.6,63.2,167,3.2,0.34,0.29,0.87,0.27,0.1
2024-09-07,Delhi,21.3,76.1,193,5.2,0.29,0.3,0.85,0.18,0.27
2024-09-08,Delhi,5.9,60.0,154,4.8,0.13,0.17,0.81,0.18,0.23
2024-09-09,Delhi,10.7,71.2,259,3.0,0.29,0.13,0.85,0.8,0.19
2024-09-10,Delhi,37.2,69.4,176,3.7,0.37,0.11,0.96,0.19,0.2
2024-09-11,Delhi,5.3,47.1,231,3.4,0.2,0.25,0.87,0.25,0.11
2024-09-12,Delhi,12.7,74.5,225,1.6,0.25,0.23,0.89,0.78,0.27
2024-09-13,Delhi,37.1,68.1,96,4.3,0.22,0.18,0.46,0.34,0.15
2024-09-14,Delhi,23.1,55.5,269,6.4,0.2,0.16,0.71,0.35,0.15
2024-09-15,Delhi,9.6,60.9,259,6.5,0.28,0.28,0.8,0.74,0.21
2024-09-16,Delhi,22.2,60.7,149,2.1,0.22,0.27,0.41,0.34,0.18
2024-09-17,Delhi,17.1,79.0,181,3.9,0.19,0.22,0.75,0.84,0.27
2024-09-18,Delhi,18.4,41.1,169,9.7,0.36,0.12,0.83,0.21,0.24
2024-09-19,Delhi,9.9,66.4,110,6.7,0.16,0.29,0.21,0.86,0.25
2024-09-20,Delhi,24.9,49.9,50,2.3,0.15,0.26,0.31,0.13,0.25
2024-09-21,Delhi,25.4,68.2,75,1.5,0.27,0.3,0.35,0.22,0.28
2024-09-22,Delhi,36.1,39.3,149,6.0,0.18,0.88,0.46,0.34,0.3
2024-09-23,Delhi,22.5,55.0,171,8.3,0.16,0.12,0.9,0.21,0.26
2024-09-24,Delhi,36.5,62.2,87,5.6,0.25,0.94,0.38,0.14,0.2
2024-09-25,Delhi,38.3,66.3,165,9.7,0.36,0.88,0.71,0.18,0.27
2024-09-26,Delhi,38.3,78.5,298,4.7,0.18,0.23,0.83,0.28,0.25
2024-09-27,Delhi,28.9,41.0,244,0.4,0.12,0.25,0.85,0.13,0.21
2024-09-28,Delhi,35.4,46.0,188,3.2,0.2,0.14,0.88,0.38,0.18
2024-09-29,Delhi,35.6,72.7,156,5.4,0.32,0.9,0.82,0.37,0.3
2024-09-30,Delhi,11.9,48.4,296,2.9,0.18,0.16,0.95,0.21,0.24
2024-10-01,Delhi,36.6,53.6,264,8.6,0.38,0.92,0.7,0.29,0.18
2024-10-02,Delhi,18.7,76.5,196,8.9,0.23,0.24,0.99,0.93,0.25
2024-10-03,Delhi,29.5,32.3,259,6.6,0.12,0.21,0.9,0.35,0.25
2024-10-04,Delhi,36.0,69.7,185,2.5,0.37,0.22,0.83,0.18,0.24
2024-10-05,Delhi,25.8,66.9,78,5.8,0.38,0.21,0.3,0.29,0.2
2024-10-06,Delhi,33.8,43.1,205,5.6,0.22,0.74,0.75,0.11,0.19
2024-10-07,Delhi,6.6,65.7,200,0.5,0.33,0.3,0.77,0.93,0.27
2024-10-08,Delhi,11.2,67.1,125,6.3,0.19,0.23,0.31,0.92,0.23
2024-10-09,Delhi,38.7,70.5,191,6.7,0.24,0.87,0.81,0.4,0.11
2024-10-10,Delhi,32.0,73.6,167,7.8,0.4,1.0,0.76,0.35,0.25
2024-10-11,Delhi,33.7,61.0,138,0.1,0.34,0.2,0.49,0.14,0.24
2024-10-12,Delhi,12.7,44.3,295,0.6,0.19,0.29,0.82,0.13,0.25
2024-10-13,Delhi,14.7,56.2,282,6.4,0.17,0.15,0.77,0.11,0.22
2024-10-14,Delhi,30.3,76.8,144,2.1,0.29,0.12,0.32,0.31,0.18
2024-10-15,Delhi,13.0,47.0,78,7.6,0.28,0.27,0.47,0.3,0.26
2024-10-16,Delhi,39.7,49.2,83,7.3,0.37,0.96,0.43,0.27,0.22
2024-10-17,Delhi,13.5,40.6,58,2.7,0.29,0.11,0.44,0.13,0.11
2024-10-18,Delhi,20.7,57.4,172,5.2,0.32,0.23,0.87,0.34,0.22
2024-10-19,Delhi,35.7,46.3,210,1.5,0.15,0.21,0.87,0.32,0.23
2024-10-20,Delhi,28.6,45.4,232,3.9,0.15,0.28,0.74,0.21,0.17
2024-10-21,Delhi,8.0,74.1,282,3.1,0.19,0.18,0.72,0.76,0.81
2024-10-22,Delhi,23.6,42.6,181,7.6,0.3,0.11,0.88,0.27,0.15
2024-10-23,Delhi,25.8,31.1,173,9.0,0.16,0.14,0.76,0.37,0.24
2024-10-24,Delhi,22.8,67.9,151,1.8,0.26,0.26,0.91,0.38,0.17
2024-10-25,Delhi,28.4,33.2,66,6.8,0.1,0.17,0.24,0.35,0.15
2024-10-26,Delhi,33.0,63.5,282,8.8,0.27,0.97,0.8,0.27,0.19
2024-10-27,Delhi,34.5,37.4,220,4.9,0.26,0.21,0.89,0.37,0.19
2024-10-28,Delhi,25.1,31.0,274,9.2,0.22,0.28,0.76,0.38,0.2
2024-10-29,Delhi,10.4,64.3,213,8.1,0.33,0.28,0.95,0.97,0.2
2024-10-30,Delhi,12.3,36.1,285,4.6,0.36,0.25,0.97,0.39,0.2
2024-10-31,Delhi,16.0,60.4,286,1.8,0.23,0.22,0.86,0.9,0.24
2024-11-01,Delhi,11.6,70.5,65,6.7,0.38,0.22,0.49,0.98,0.29
2024-11-02,Delhi,23.6,38.5,279,7.8,0.2,0.29,0.75,0.14,0.14
2024-11-03,Delhi,12.3,49.2,123,6.5,0.38,0.23,0.41,0.21,0.27
2024-11-04,Delhi,30.3,56.0,182,5.3,0.31,0.7,0.96,0.37,0.19
2024-11-05,Delhi,14.6,74.2,211,4.0,0.17,0.27,0.78,0.99,0.16
2024-11-06,Delhi,17.5,41.1,81,7.9,0.23,0.26,0.2,0.32,0.15
2024-11-07,Delhi,36.7,60.7,140,3.8,0.33,0.23,0.48,0.32,0.12
2024-11-08,Delhi,34.1,79.8,136,3.5,0.31,0.13,0.22,0.22,0.11
2024-11-09,Delhi,21.1,59.8,204,5.9,0.2,0.18,0.8,0.28,0.14
2024-11-10,Delhi,27.4,79.0,192,5.9,0.12,0.22,0.95,0.23,0.13
2024-11-11,Delhi,13.1,61.6,275,0.6,0.14,0.19,0.85,0.88,0.13
2024-11-12,Delhi,11.1,74.7,86,4.2,0.37,0.26,0.4,0.88,0.25
2024-11-13,Delhi,11.3,33.0,193,2.2,0.38,0.16,0.86,0.37,0.11
2024-11-14,Delhi,25.4,30.2,130,0.1,0.23,0.16,0.26,0.15,0.26
2024-11-15,Delhi,17.6,48.7,164,3.2,0.27,0.22,0.89,0.19,0.23
2024-11-16,Delhi,12.2,50.2,298,7.2,0.18,0.24,0.82,0.23,0.23
2024-11-17,Delhi,34.9,71.9,257,9.5,0.29,0.77,0.99,0.13,0.3
2024-11-18,Delhi,31.9,79.7,251,8.3,0.39,0.64,0.75,0.23,0.27
2024-11-19,Delhi,11.7,41.7,273,5.9,0.29,0.18,0.72,0.28,0.21
2024-11-20,Delhi,16.4,58.1,220,7.4,0.39,0.22,0.78,0.17,0.25
2024-11-21,Delhi,16.9,32.5,191,5.9,0.25,0.29,0.94,0.37,0.23
2024-11-22,Delhi,20.0,74.0,54,5.2,0.12,0.26,0.23,0.11,0.18
2024-11-23,Delhi,26.0,50.0,269,6.9,0.37,0.24,0.77,0.24,0.19
2024-11-24,Delhi,39.9,68.3,171,1.2,0.29,0.2,0.76,0.17,0.21
2024-11-25,Delhi,9.5,34.0,67,9.0,0.29,0.17,0.29,0.21,0.23
2024-11-26,Delhi,9.2,37.4,285,1.1,0.3,0.27,0.89,0.3,0.28
2024-11-27,Delhi,35.0,45.4,215,2.5,0.36,0.22,0.8,0.25,0.2
2024-11-28,Delhi,38.7,33.0,58,4.6,0.32,0.17,0.46,0.2,0.14
2024-11-29,Delhi,8.3,62.0,109,4.9,0.11,0.24,0.48,0.82,0.21
2024-11-30,Delhi,5.1,46.6,149,8.0,0.39,0.18,0.27,0.31,0.22
2024-12-01,Delhi,28.1,72.4,293,2.8,0.21,0.18,0.88,0.13,0.17
2024-12-02,Delhi,14.8,42.5,149,1.0,0.11,0.25,0.26,0.15,0.26
2024-12-03,Delhi,27.4,36.0,238,5.8,0.12,0.1,0.81,0.33,0.16
2024-12-04,Delhi,20.4,72.6,172,3.7,0.13,0.24,0.75,0.28,0.25
2024-12-05,Delhi,5.9,78.9,158,9.9,0.35,0.17,0.76,0.74,0.88
2024-12-06,Delhi,17.9,63.7,227,0.3,0.27,0.25,0.9,0.87,0.25
2024-12-07,Delhi,28.9,66.5,221,4.3,0.17,0.23,0.71,0.17,0.25
2024-12-08,Delhi,25.4,64.2,242,1.3,0.4,0.22,0.79,0.34,0.14
2024-12-09,Delhi,20.0,53.4,232,7.5,0.18,0.22,0.79,0.15,0.16
2024-12-10,Delhi,37.0,60.1,296,2.4,0.36,0.18,0.75,0.35,0.15
2024-12-11,Delhi,15.5,73.8,255,7.3,0.26,0.12,0.81,0.78,0.14
2024-12-12,Delhi,32.7,78.1,155,2.6,0.14,0.15,0.85,0.13,0.25
2024-12-13,Delhi,6.6,45.5,236,1.3,0.35,0.16,0.84,0.11,0.25
2024-12-14,Delhi,35.6,70.6,110,0.7,0.28,0.14,0.41,0.18,0.28
2024-12-15,Delhi,27.8,60.0,101,4.1,0.21,0.2,0.5,0.34,0.13
2024-12-16,Delhi,8.4,41.9,118,1.1,0.2,0.22,0.35,0.21,0.18
2024-12-17,Delhi,30.1,30.8,112,9.0,0.27,0.76,0.44,0.31,0.23
2024-12-18,Delhi,7.8,42.7,113,1.6,0.19,0.24,0.38,0.28,0.16
2024-12-19,Delhi,12.1,59.1,137,5.2,0.12,0.3,0.26,0.32,0.25
2024-12-20,Delhi,12.0,65.9,147,5.5,0.15,0.1,0.39,0.88,0.26
2024-12-21,Delhi,35.0,66.2,293,9.1,0.14,0.62,0.9,0.11,0.25
2024-12-22,Delhi,16.1,43.8,279,6.8,0.14,0.29,0.99,0.17,0.23
2024-12-23,Delhi,22.7,35.6,254,7.1,0.15,0.2,0.73,0.11,0.17
2024-12-24,Delhi,30.4,48.8,188,6.9,0.13,0.96,0.94,0.22,0.13
2024-12-25,Delhi,13.2,50.2,77,8.7,0.24,0.13,0.2,0.19,0.23
2024-12-26,Delhi,32.0,72.8,181,6.7,0.14,0.71,0.97,0.28,0.13
2024-12-27,Delhi,16.7,49.0,61,5.7,0.14,0.15,0.3,0.3,0.22
2024-12-28,Delhi,23.7,73.9,254,5.6,0.37,0.28,0.84,0.2,0.29
2024-12-29,Delhi,39.9,55.6,119,7.6,0.12,0.81,0.46,0.31,0.2
2024-12-30,Delhi,17.2,76.8,135,9.8,0.26,0.27,0.41,0.86,0.16
2024-12-31,Delhi,25.6,49.6,282,5.8,0.14,0.26,0.74,0.33,0.17
2025-01-01,Delhi,16.6,79.6,186,9.4,0.21,0.29,0.78,0.71,0.13
2025-01-02,Delhi,5.1,37.7,213,5.1,0.38,0.27,0.73,0.33,0.27
2025-01-03,Delhi,26.9,32.0,124,2.3,0.19,0.11,0.32,0.25,0.11
2025-01-04,Delhi,29.8,60.5,99,4.8,0.26,0.28,0.44,0.3,0.11
2025-01-05,Delhi,29.8,58.9,170,8.9,0.31,0.29,0.73,0.11,0.22
2025-01-06,Delhi,30.0,33.1,244,0.3,0.29,0.17,0.72,0.33,0.23
2025-01-07,Delhi,22.6,69.0,180,9.7,0.13,0.23,0.78,0.17,0.16
2025-01-08,Delhi,5.7,66.6,59,4.1,0.35,0.27,0.41,0.86,0.2
2025-01-09,Delhi,20.1,33.2,201,8.2,0.14,0.28,0.85,0.31,0.29
2025-01-10,Delhi,10.4,31.0,125,4.5,0.19,0.18,0.45,0.28,0.27
2025-01-11,Delhi,13.9,34.6,179,5.4,0.14,0.25,0.74,0.2,0.15
2025-01-12,Delhi,25.1,73.2,63,6.8,0.3,0.19,0.26,0.24,0.24
2025-01-13,Delhi,16.5,64.1,78,8.2,0.23,0.17,0.21,0.95,0.11
2025-01-14,Delhi,25.3,33.7,183,4.6,0.32,0.18,0.84,0.36,0.1
2025-01-15,Delhi,8.7,48.2,153,7.2,0.25,0.29,0.72,0.21,0.22
2025-01-16,Delhi,16.6,74.4,93,7.7,0.21,0.2,0.28,0.87,0.11
2025-01-17,Delhi,15.9,48.6,169,6.9,0.33,0.22,0.87,0.29,0.2
2025-01-18,Delhi,28.9,47.2,65,6.5,0.28,0.3,0.44,0.38,0.18
2025-01-19,Delhi,15.0,72.1,199,9.6,0.14,0.19,0.84,0.81,0.23
2025-01-20,Delhi,37.6,70.6,229,1.0,0.27,0.13,0.8,0.37,0.14
2025-01-21,Delhi,37.8,66.7,81,4.3,0.29,0.27,0.22,0.23,0.29
2025-01-22,Delhi,31.2,75.8,214,6.3,0.28,0.97,0.8,0.14,0.27
2025-01-23,Delhi,14.6,67.9,141,1.9,0.17,0.17,0.25,0.86,0.29
2025-01-24,Delhi,29.2,55.4,295,5.7,0.28,0.12,0.9,0.21,0.26
2025-01-25,Delhi,38.8,55.3,159,5.9,0.38,0.84,0.92,0.17,0.24
2025-01-26,Delhi,11.6,71.6,121,2.7,0.29,0.19,0.23,0.99,0.17
2025-01-27,Delhi,7.4,74.5,245,5.3,0.33,0.19,0.97,0.86,0.87
2025-01-28,Delhi,17.8,32.1,191,9.6,0.35,0.14,0.76,0.37,0.21
2025-01-29,Delhi,33.1,77.7,109,7.1,0.28,0.63,0.38,0.24,0.21
2025-01-30,Delhi,25.8,76.5,229,0.9,0.39,0.16,0.78,0.14,0.15
2025-01-31,Delhi,32.2,53.8,82,7.2,0.27,0.81,0.3,0.17,0.15
2025-02-01,Delhi,12.3,64.5,108,6.6,0.12,0.29,0.43,0.92,0.12
2025-02-02,Delhi,30.4,53.5,157,6.8,0.27,0.92,0.97,0.21,0.25
2025-02-03,Delhi,24.5,55.2,117,9.6,0.39,0.16,0.24,0.29,0.3
2025-02-04,Delhi,39.3,45.8,218,9.1,0.1,0.65,0.87,0.28,0.26
2025-02-05,Delhi,34.3,37.1,83,2.7,0.34,0.19,0.36,0.18,0.26
2025-02-06,Delhi,18.2,59.6,55,2.7,0.2,0.29,0.31,0.39,0.3
2025-02-07,Delhi,11.2,52.3,104,2.8,0.26,0.14,0.3,0.29,0.21
2025-02-08,Delhi,14.8,75.0,186,0.7,0.19,0.19,0.85,1.0,0.22
2025-02-09,Delhi,18.8,70.5,214,4.3,0.29,0.28,0.99,0.94,0.19
2025-02-10,Delhi,12.2,65.7,281,1.8,0.16,0.19,0.84,0.72,0.18
2025-02-11,Delhi,23.4,37.7,83,9.2,0.18,0.18,0.35,0.24,0.19
2025-02-12,Delhi,8.6,53.3,291,0.9,0.26,0.28,0.79,0.25,0.16
2025-02-13,Delhi,30.8,53.5,111,7.9,0.12,0.94,0.27,0.14,0.16
2025-02-14,Delhi,8.2,42.4,203,1.6,0.17,0.26,0.73,0.12,0.12
2025-02-15,Delhi,14.2,63.8,267,5.2,0.21,0.21,0.95,1.0,0.13
2025-02-16,Delhi,12.0,32.8,193,1.7,0.17,0.24,0.9,0.17,0.11
2025-02-17,Delhi,25.0,69.5,148,3.1,0.26,0.29,0.47,0.38,0.22
2025-02-18,Delhi,36.6,31.2,178,3.4,0.22,0.26,0.9,0.29,0.29
2025-02-19,Delhi,14.0,52.2,55,5.7,0.34,0.29,0.29,0.16,0.15
2025-02-20,Delhi,18.2,64.2,84,7.5,0.26,0.15,0.37,0.86,0.3
2025-02-21,Delhi,17.5,55.8,55,2.5,0.23,0.29,0.23,0.37,0.3
2025-02-22,Delhi,27.1,40.4,69,6.6,0.11,0.15,0.46,0.15,0.15
2024-08-26,Mumbai,33.2,82.2,74,30.7,0.75,0.81,0.36,0.15,0.13
2024-08-27,Mumbai,26.9,88.8,98,34.3,0.96,0.1,0.29,0.24,0.18
2024-08-28,Mumbai,32.0,84.5,118,32.8,0.72,0.92,0.39,0.29,0.17
2024-08-29,Mumbai,23.8,78.7,84,42.9,0.86,0.23,0.43,0.17,0.28
2024-08-30,Mumbai,32.1,92.6,246,42.7,0.9,0.87,0.93,0.36,0.11
2024-08-31,Mumbai,22.9,86.9,231,28.5,0.95,0.11,0.96,0.33,0.13
2024-09-01,Mumbai,31.4,83.7,62,23.8,0.74,0.7,0.47,0.31,0.24
2024-09-02,Mumbai,22.8,79.6,100,1.0,0.2,0.25,0.41,0.26,0.21
2024-09-03,Mumbai,23.9,94.3,292,43.7,0.85,0.13,0.85,0.23,0.13
2024-09-04,Mumbai,24.1,64.1,154,48.7,0.29,0.3,0.96,0.23,0.18
2024-09-05,Mumbai,27.2,91.6,293,17.9,0.97,0.25,0.94,0.22,0.27
2024-09-06,Mumbai,25.1,83.8,77,19.8,0.74,0.1,0.5,0.27,0.21
2024-09-07,Mumbai,34.7,90.4,196,5.7,0.17,0.61,0.76,0.36,0.26
2024-09-08,Mumbai,26.9,68.0,191,19.7,0.23,0.11,0.78,0.24,0.23
2024-09-09,Mumbai,20.0,75.4,127,14.1,0.84,0.18,0.47,0.28,0.11
2024-09-10,Mumbai,25.9,93.2,255,48.6,0.87,0.22,0.97,0.13,0.23
2024-09-11,Mumbai,28.3,65.1,176,23.5,0.23,0.21,0.8,0.16,0.17
2024-09-12,Mumbai,31.3,86.3,156,17.7,0.96,0.83,0.81,0.2,0.16
2024-09-13,Mumbai,25.6,70.2,135,28.5,0.86,0.19,0.43,0.31,0.22
2024-09-14,Mumbai,23.5,69.4,156,45.6,0.37,0.17,0.72,0.28,0.2
2024-09-15,Mumbai,22.8,67.1,217,10.0,0.19,0.12,0.87,0.24,0.15
2024-09-16,Mumbai,22.8,82.2,259,11.8,0.96,0.19,0.76,0.34,0.28
2024-09-17,Mumbai,20.3,91.2,165,21.3,0.73,0.25,0.72,0.21,0.2
2024-09-18,Mumbai,21.7,79.7,118,49.7,0.79,0.12,0.27,0.24,0.17
2024-09-19,Mumbai,20.1,85.3,218,27.7,0.93,0.17,0.84,0.17,0.24
2024-09-20,Mumbai,31.1,67.7,203,10.6,0.21,0.74,0.84,0.19,0.28
2024-09-21,Mumbai,27.0,75.0,252,22.9,0.96,0.28,0.83,0.13,0.16
2024-09-22,Mumbai,29.2,81.1,217,29.1,0.88,0.17,0.92,0.12,0.25
2024-09-23,Mumbai,33.0,80.6,207,3.1,0.11,0.18,0.76,0.15,0.2
2024-09-24,Mumbai,27.1,82.7,254,14.4,0.76,0.12,0.74,0.19,0.17
2024-09-25,Mumbai,31.9,81.5,293,17.8,0.71,0.8,0.75,0.32,0.3
2024-09-26,Mumbai,24.0,69.6,176,19.6,0.33,0.15,0.96,0.34,0.26
2024-09-27,Mumbai,21.3,75.2,94,19.7,0.71,0.21,0.32,0.29,0.29
2024-09-28,Mumbai,24.9,78.1,137,36.8,0.82,0.12,0.28,0.4,0.1
2024-09-29,Mumbai,27.6,61.8,73,46.2,0.15,0.25,0.31,0.25,0.3
2024-09-30,Mumbai,34.7,69.5,230,4.9,0.17,0.19,0.78,0.11,0.22
2024-10-01,Mumbai,34.1,65.9,222,8.8,0.36,0.85,0.72,0.13,0.28
2024-10-02,Mumbai,34.6,60.5,290,2.5,0.37,0.27,0.81,0.32,0.18
2024-10-03,Mumbai,25.4,71.9,290,19.2,0.9,0.25,0.73,0.26,0.19
2024-10-04,Mumbai,22.4,87.5,296,37.7,0.75,0.26,0.83,0.32,0.16
2024-10-05,Mumbai,20.6,81.8,210,33.1,0.98,0.26,0.87,0.37,0.13
2024-10-06,Mumbai,24.5,93.4,214,41.8,0.83,0.11,0.83,0.22,0.25
2024-10-07,Mumbai,25.9,74.8,278,35.4,1.0,0.16,0.75,0.29,0.29
2024-10-08,Mumbai,32.1,62.2,110,23.9,0.38,0.85,0.36,0.24,0.24
2024-10-09,Mumbai,26.2,94.0,274,11.3,0.9,0.22,0.8,0.26,0.17
2024-10-10,Mumbai,25.2,76.1,54,37.5,0.86,0.15,0.26,0.19,0.23
2024-10-11,Mumbai,34.3,91.5,160,3.5,0.15,0.2,0.7,0.34,0.3
2024-10-12,Mumbai,29.4,85.8,229,47.5,0.75,0.24,0.9,0.34,0.18
2024-10-13,Mumbai,21.0,71.0,157,37.7,0.89,0.26,0.92,0.35,0.11
2024-10-14,Mumbai,23.2,71.1,67,4.3,0.18,0.18,0.41,0.25,0.17
2024-10-15,Mumbai,26.7,66.6,111,26.7,0.24,0.11,0.23,0.22,0.27
2024-10-16,Mumbai,30.9,78.4,152,26.7,0.71,0.79,0.97,0.3,0.11
2024-10-17,Mumbai,25.1,75.6,240,34.9,0.74,0.23,0.99,0.15,0.12
2024-10-18,Mumbai,26.8,86.8,186,11.4,0.73,0.2,0.97,0.19,0.22
2024-10-19,Mumbai,30.3,72.4,115,16.7,0.83,0.76,0.35,0.27,0.25
2024-10-20,Mumbai,29.4,74.6,200,47.7,0.95,0.14,0.98,0.19,0.24
2024-10-21,Mumbai,27.8,76.6,56,18.3,0.79,0.13,0.29,0.28,0.16
2024-10-22,Mumbai,22.2,93.1,132,36.1,0.73,0.18,0.39,0.38,0.24
2024-10-23,Mumbai,31.4,82.8,215,0.1,0.29,0.2,1.0,0.32,0.26
2024-10-24,Mumbai,26.4,87.6,80,22.6,0.95,0.18,0.34,0.32,0.19
2024-10-25,Mumbai,28.8,89.5,112,48.8,0.81,0.28,0.31,0.15,0.18
2024-10-26,Mumbai,33.0,93.3,193,11.5,0.79,0.91,0.99,0.28,0.23
2024-10-27,Mumbai,28.7,70.2,75,33.2,0.82,0.29,0.35,0.32,0.23
2024-10-28,Mumbai,30.0,84.3,139,32.9,0.78,0.28,0.37,0.37,0.19
2024-10-29,Mumbai,29.5,85.3,270,49.6,0.78,0.22,0.9,0.34,0.13
2024-10-30,Mumbai,21.4,80.2,235,47.6,0.77,0.16,0.85,0.28,0.23
2024-10-31,Mumbai,31.2,82.5,168,18.9,0.95,0.73,0.97,0.39,0.18
2024-11-01,Mumbai,25.9,82.6,62,22.3,0.98,0.28,0.28,0.14,0.24
2024-11-02,Mumbai,28.1,80.7,243,29.4,0.75,0.26,0.94,0.17,0.17
2024-11-03,Mumbai,22.4,89.1,173,11.7,0.73,0.26,0.72,0.37,0.17
2024-11-04,Mumbai,22.1,68.7,143,6.1,0.29,0.27,0.38,0.16,0.11
2024-11-05,Mumbai,34.7,64.3,261,0.2,0.26,0.23,0.86,0.31,0.25
2024-11-06,Mumbai,24.1,87.6,173,31.6,0.9,0.25,0.72,0.22,0.23
2024-11-07,Mumbai,21.4,72.1,293,32.6,0.82,0.15,0.85,0.19,0.19
2024-11-08,Mumbai,29.8,83.5,296,14.8,0.89,0.14,0.94,0.25,0.14
2024-11-09,Mumbai,26.9,62.7,121,48.8,0.16,0.23,0.49,0.21,0.11
2024-11-10,Mumbai,32.2,67.7,104,12.8,0.27,0.97,0.33,0.19,0.2
2024-11-11,Mumbai,29.5,63.6,279,47.3,0.13,0.17,0.83,0.35,0.29
2024-11-12,Mumbai,23.5,84.5,129,41.9,0.74,0.29,0.39,0.15,0.27
2024-11-13,Mumbai,24.3,77.6,289,47.3,0.89,0.23,0.81,0.38,0.21
2024-11-14,Mumbai,31.0,68.6,247,2.1,0.29,0.13,0.84,0.18,0.11
2024-11-15,Mumbai,26.8,93.8,110,0.3,0.25,0.23,0.28,0.11,0.19
2024-11-16,Mumbai,25.2,83.0,123,10.3,0.99,0.18,0.5,0.14,0.19
2024-11-17,Mumbai,21.9,92.6,296,48.6,0.87,0.18,0.91,0.36,0.14
2024-11-18,Mumbai,24.5,66.8,229,48.4,0.27,0.11,0.9,0.15,0.27
2024-11-19,Mumbai,31.7,68.5,63,2.2,0.3,0.17,0.49,0.34,0.29
2024-11-20,Mumbai,23.5,86.2,247,39.1,0.73,0.29,0.74,0.23,0.17
2024-11-21,Mumbai,20.2,92.5,273,6.0,0.17,0.17,0.82,0.26,0.12
2024-11-22,Mumbai,28.0,90.8,112,23.7,0.72,0.3,0.49,0.23,0.21
2024-11-23,Mumbai,32.3,60.9,89,13.4,0.28,0.95,0.31,0.12,0.14
2024-11-24,Mumbai,29.9,67.3,157,39.7,0.12,0.27,0.8,0.35,0.29
2024-11-25,Mumbai,31.4,93.6,280,29.7,0.99,0.83,0.77,0.3,0.16
2024-11-26,Mumbai,27.0,88.6,222,29.9,0.87,0.18,0.85,0.31,0.25
2024-11-27,Mumbai,27.9,83.1,260,37.3,0.75,0.18,0.82,0.15,0.3
2024-11-28,Mumbai,23.6,87.7,143,5.5,0.13,0.15,0.22,0.19,0.17
2024-11-29,Mumbai,32.3,88.5,96,24.9,0.98,0.84,0.5,0.14,0.17
2024-11-30,Mumbai,34.1,60.8,152,47.7,0.18,0.67,0.98,0.33,0.13
2024-12-01,Mumbai,28.7,76.8,92,11.5,0.82,0.27,0.27,0.25,0.2
2024-12-02,Mumbai,31.9,69.2,230,32.6,0.15,0.68,0.91,0.2,0.12
2024-12-03,Mumbai,22.3,69.2,63,39.1,0.24,0.26,0.42,0.17,0.29
2024-12-04,Mumbai,34.9,92.9,295,9.1,0.33,0.99,0.99,0.31,0.17
2024-12-05,Mumbai,33.0,65.4,228,2.2,0.21,0.12,0.7,0.28,0.2
2024-12-06,Mumbai,32.7,78.4,147,20.4,0.9,0.99,0.42,0.14,0.14
2024-12-07,Mumbai,28.7,68.0,153,22.0,0.29,0.14,0.93,0.22,0.27
2024-12-08,Mumbai,30.3,80.3,89,23.7,0.87,0.84,0.35,0.28,0.16
2024-12-09,Mumbai,29.2,61.9,231,36.1,0.21,0.11,0.91,0.22,0.14
2024-12-10,Mumbai,20.7,69.3,124,31.6,0.24,0.22,0.39,0.39,0.2
2024-12-11,Mumbai,32.5,80.3,158,40.3,0.73,0.75,1.0,0.35,0.17
2024-12-12,Mumbai,26.4,82.5,214,17.4,0.76,0.11,0.85,0.26,0.24
2024-12-13,Mumbai,25.0,85.3,98,36.2,0.93,0.19,0.31,0.18,0.12
2024-12-14,Mumbai,26.6,71.7,199,8.3,0.2,0.12,0.9,0.19,0.19
2024-12-15,Mumbai,26.0,63.6,185,12.4,0.14,0.14,0.87,0.15,0.29
2024-12-16,Mumbai,26.2,62.7,94,37.6,0.25,0.19,0.49,0.15,0.22
2024-12-17,Mumbai,22.0,85.6,274,2.1,0.3,0.29,0.73,0.16,0.11
2024-12-18,Mumbai,27.3,62.2,125,18.0,0.23,0.2,0.46,0.24,0.19
2024-12-19,Mumbai,32.7,61.4,86,23.6,0.24,0.8,0.44,0.14,0.18
2024-12-20,Mumbai,34.0,70.3,293,6.8,0.15,0.84,0.93,0.21,0.29
2024-12-21,Mumbai,33.6,80.3,241,16.9,0.95,0.69,0.81,0.21,0.24
2024-12-22,Mumbai,27.5,75.4,159,4.3,0.4,0.25,0.84,0.26,0.24
2024-12-23,Mumbai,25.5,88.5,250,33.4,0.8,0.18,0.95,0.21,0.19
2024-12-24,Mumbai,22.6,60.6,109,10.6,0.26,0.21,0.28,0.35,0.19
2024-12-25,Mumbai,28.2,69.7,172,31.0,0.3,0.11,0.89,0.19,0.15
2024-12-26,Mumbai,33.2,85.6,163,14.3,0.77,0.68,0.86,0.38,0.16
2024-12-27,Mumbai,28.7,65.7,229,13.1,0.17,0.16,0.82,0.19,0.14
2024-12-28,Mumbai,21.5,61.3,282,18.9,0.14,0.23,1.0,0.32,0.19
2024-12-29,Mumbai,21.2,91.1,107,22.8,0.89,0.29,0.37,0.12,0.29
2024-12-30,Mumbai,25.0,78.8,60,21.1,0.75,0.27,0.4,0.23,0.17
2024-12-31,Mumbai,22.6,81.2,94,45.5,0.79,0.11,0.39,0.36,0.16
2025-01-01,Mumbai,21.2,75.5,208,13.2,0.78,0.22,0.9,0.2,0.18
2025-01-02,Mumbai,31.2,87.4,174,7.0,0.17,0.73,0.81,0.17,0.24
2025-01-03,Mumbai,25.6,73.5,282,4.3,0.12,0.27,0.9,0.22,0.16
2025-01-04,Mumbai,21.2,62.6,233,47.6,0.13,0.2,0.96,0.38,0.26
2025-01-05,Mumbai,34.2,86.5,69,6.9,0.26,0.85,0.3,0.35,0.25
2025-01-06,Mumbai,21.3,60.4,243,43.1,0.11,0.22,0.9,0.21,0.21
2025-01-07,Mumbai,28.3,80.4,172,34.2,0.98,0.16,0.84,0.22,0.12
2025-01-08,Mumbai,25.7,77.0,222,4.5,0.33,0.21,0.86,0.18,0.25
2025-01-09,Mumbai,28.2,85.7,242,37.4,0.9,0.3,0.97,0.25,0.26
2025-01-10,Mumbai,26.2,64.1,278,36.3,0.11,0.24,0.82,0.18,0.27
2025-01-11,Mumbai,21.7,86.5,276,45.2,0.99,0.23,0.75,0.13,0.26
2025-01-12,Mumbai,29.5,62.5,220,6.7,0.3,0.21,0.81,0.1,0.16
2025-01-13,Mumbai,26.6,62.7,167,6.2,0.27,0.21,0.74,0.19,0.16
2025-01-14,Mumbai,20.8,60.7,144,26.0,0.36,0.15,0.27,0.17,0.24
2025-01-15,Mumbai,20.1,79.1,152,25.8,0.99,0.28,0.91,0.34,0.1
2025-01-16,Mumbai,20.9,75.6,290,24.0,0.78,0.26,0.83,0.16,0.2
2025-01-17,Mumbai,30.4,76.2,164,14.1,0.81,0.62,0.91,0.17,0.23
2025-01-18,Mumbai,20.9,85.6,50,6.5,0.26,0.13,0.3,0.1,0.24
2025-01-19,Mumbai,21.3,63.8,141,24.8,0.2,0.24,0.23,0.32,0.28
2025-01-20,Mumbai,34.1,77.7,258,25.9,0.98,0.76,0.85,0.36,0.16
2025-01-21,Mumbai,24.1,74.6,299,13.4,0.77,0.22,0.87,0.23,0.17
2025-01-22,Mumbai,34.4,65.8,112,41.5,0.3,0.6,0.28,0.15,0.25
2025-01-23,Mumbai,27.4,92.9,77,43.7,0.88,0.21,0.37,0.13,0.11
2025-01-24,Mumbai,27.1,87.1,281,21.5,0.79,0.19,0.91,0.23,0.18
2025-01-25,Mumbai,34.0,83.4,74,0.5,0.17,0.12,0.32,0.14,0.3
2025-01-26,Mumbai,31.0,68.6,287,45.7,0.39,0.61,0.93,0.17,0.26
2025-01-27,Mumbai,21.3,67.9,235,22.4,0.37,0.25,0.73,0.33,0.1
2025-01-28,Mumbai,30.4,75.4,80,37.7,0.97,0.75,0.27,0.13,0.13
2025-01-29,Mumbai,24.5,69.7,288,11.4,0.36,0.24,0.71,0.19,0.11
2025-01-30,Mumbai,21.6,67.2,185,11.8,0.18,0.27,0.76,0.3,0.22
2025-01-31,Mumbai,32.3,83.7,279,25.2,0.87,0.77,0.99,0.15,0.2
2025-02-01,Mumbai,28.7,63.2,279,49.0,0.23,0.11,0.94,0.11,0.12
2025-02-02,Mumbai,28.3,73.0,225,10.1,0.73,0.18,0.7,0.34,0.15
2025-02-03,Mumbai,26.5,69.4,157,20.9,0.25,0.13,0.87,0.13,0.19
2025-02-04,Mumbai,24.6,63.7,127,4.9,0.29,0.28,0.47,0.21,0.27
2025-02-05,Mumbai,31.9,61.8,207,0.7,0.3,0.23,0.72,0.14,0.13
2025-02-06,Mumbai,34.4,89.2,277,3.2,0.29,0.16,0.89,0.26,0.25
2025-02-07,Mumbai,31.3,83.3,159,29.0,0.91,0.65,0.85,0.36,0.3
2025-02-08,Mumbai,32.9,80.4,112,38.6,0.73,0.76,0.26,0.19,0.13
2025-02-09,Mumbai,27.7,72.8,174,24.0,0.89,0.2,0.72,0.15,0.27
2025-02-10,Mumbai,33.7,84.6,92,3.9,0.11,0.29,0.26,0.1,0.13
2025-02-11,Mumbai,30.4,79.4,228,41.7,0.85,0.69,0.71,0.28,0.12
2025-02-12,Mumbai,33.0,94.6,290,42.0,0.71,0.77,0.8,0.1,0.21
2025-02-13,Mumbai,26.4,94.4,144,20.8,0.73,0.14,0.29,0.29,0.24
2025-02-14,Mumbai,34.0,80.7,214,32.0,0.89,0.7,0.85,0.16,0.28
2025-02-15,Mumbai,30.1,67.7,164,36.3,0.15,0.69,0.78,0.38,0.26
2025-02-16,Mumbai,23.5,85.9,128,18.2,0.78,0.15,0.44,0.34,0.22
2025-02-17,Mumbai,33.5,85.0,178,8.4,0.1,0.79,0.88,0.19,0.17
2025-02-18,Mumbai,22.1,89.6,252,12.0,0.79,0.2,0.93,0.19,0.26
2025-02-19,Mumbai,27.6,84.8,287,23.8,0.95,0.3,0.94,0.33,0.23
2025-02-20,Mumbai,28.4,66.6,74,14.8,0.18,0.21,0.25,0.27,0.16
2025-02-21,Mumbai,33.9,70.8,113,27.9,0.71,0.76,0.34,0.23,0.22
2025-02-22,Mumbai,26.3,78.9,55,10.3,0.79,0.2,0.46,0.25,0.12
2024-08-26,Chennai,32.7,70.6,268,24.3,0.88,0.88,0.92,0.3,0.15
2024-08-27,Chennai,34.2,71.4,266,10.6,0.8,0.62,0.74,0.32,0.1
2024-08-28,Chennai,31.2,76.2,204,17.2,0.97,0.91,0.7,0.3,0.23
2024-08-29,Chennai,34.1,70.4,263,22.7,0.87,0.9,0.94,0.22,0.23
2024-08-30,Chennai,22.5,61.3,252,35.9,0.14,0.19,0.76,0.34,0.11
2024-08-31,Chennai,34.7,55.3,163,35.3,0.16,0.67,0.91,0.12,0.14
2024-09-01,Chennai,27.7,67.2,68,15.0,0.29,0.29,0.45,0.3,0.25
2024-09-02,Chennai,31.6,72.7,97,25.3,0.83,0.92,0.27,0.39,0.23
2024-09-03,Chennai,33.9,67.9,269,13.7,0.34,0.92,0.82,0.3,0.23
2024-09-04,Chennai,24.6,57.8,141,14.5,0.26,0.15,0.21,0.27,0.17
2024-09-05,Chennai,35.9,55.6,240,36.3,0.15,0.84,0.99,0.26,0.17
2024-09-06,Chennai,37.6,81.3,222,3.2,0.2,0.13,0.97,0.27,0.26
2024-09-07,Chennai,34.8,84.1,176,24.6,0.88,0.7,0.84,0.28,0.3
2024-09-08,Chennai,24.4,69.1,226,16.8,0.27,0.29,0.97,0.26,0.18
2024-09-09,Chennai,34.8,87.1,274,30.2,0.73,0.82,0.73,0.15,0.22
2024-09-10,Chennai,34.8,74.1,209,15.9,0.89,0.81,1.0,0.21,0.25
2024-09-11,Chennai,36.5,61.8,221,33.5,0.13,0.99,0.93,0.2,0.22
2024-09-12,Chennai,37.5,60.9,263,8.2,0.14,0.75,0.81,0.26,0.14
2024-09-13,Chennai,27.2,66.9,54,16.7,0.15,0.13,0.22,0.18,0.16
2024-09-14,Chennai,37.7,70.3,233,39.1,0.76,0.87,0.89,0.13,0.23
2024-09-15,Chennai,37.5,68.1,83,38.2,0.13,0.83,0.3,0.17,0.29
2024-09-16,Chennai,27.2,62.5,173,3.7,0.29,0.15,0.92,0.11,0.2
2024-09-17,Chennai,28.8,69.7,145,23.7,0.32,0.18,0.27,0.39,0.21
2024-09-18,Chennai,34.0,86.2,286,22.7,1.0,0.93,0.72,0.32,0.14
2024-09-19,Chennai,32.0,72.8,124,32.7,0.71,0.78,0.38,0.32,0.26
2024-09-20,Chennai,34.9,61.3,228,15.9,0.24,0.82,0.88,0.26,0.13
2024-09-21,Chennai,30.4,58.2,265,10.5,0.15,0.95,0.72,0.38,0.18
2024-09-22,Chennai,36.6,72.7,263,25.7,0.73,0.78,0.89,0.38,0.23
2024-09-23,Chennai,27.6,53.7,295,4.4,0.2,0.1,0.82,0.34,0.23
2024-09-24,Chennai,32.4,84.8,120,4.1,0.22,0.12,0.38,0.28,0.13
2024-09-25,Chennai,26.1,83.4,183,14.2,0.78,0.2,0.86,0.22,0.28
2024-09-26,Chennai,35.2,58.0,281,2.3,0.15,0.28,0.89,0.3,0.24
2024-09-27,Chennai,27.0,83.9,152,2.3,0.25,0.15,0.99,0.29,0.28
2024-09-28,Chennai,23.2,82.2,265,21.3,0.93,0.27,0.85,0.13,0.23
2024-09-29,Chennai,37.4,74.1,260,20.1,0.82,0.7,0.83,0.1,0.15
2024-09-30,Chennai,27.4,72.2,280,32.6,0.91,0.15,0.9,0.38,0.14
2024-10-01,Chennai,33.6,58.9,97,9.2,0.29,0.91,0.36,0.21,0.23
2024-10-02,Chennai,34.4,69.7,297,26.6,0.38,0.85,0.82,0.34,0.18
2024-10-03,Chennai,27.8,81.9,296,1.3,0.38,0.28,0.76,0.14,0.24
2024-10-04,Chennai,26.0,82.7,195,15.9,0.73,0.14,0.75,0.29,0.21
2024-10-05,Chennai,27.1,54.5,130,34.7,0.35,0.29,0.27,0.31,0.18
2024-10-06,Chennai,27.0,76.7,104,15.4,0.99,0.23,0.37,0.17,0.19
2024-10-07,Chennai,27.3,86.1,286,12.4,0.93,0.26,0.74,0.35,0.28
2024-10-08,Chennai,27.4,71.2,288,30.0,0.93,0.2,0.98,0.26,0.15
2024-10-09,Chennai,25.1,62.4,231,35.8,0.27,0.12,0.85,0.13,0.19
2024-10-10,Chennai,23.7,78.1,227,16.9,0.92,0.15,0.95,0.34,0.18
2024-10-11,Chennai,30.4,80.4,61,28.2,0.86,1.0,0.34,0.11,0.14
2024-10-12,Chennai,31.0,52.1,194,2.5,0.32,0.22,0.99,0.32,0.29
2024-10-13,Chennai,29.8,85.3,75,24.7,0.9,0.16,0.29,0.1,0.16
2024-10-14,Chennai,37.2,66.6,204,23.2,0.31,0.93,0.82,0.16,0.18
2024-10-15,Chennai,34.9,75.8,258,14.8,0.91,0.86,1.0,0.22,0.13
2024-10-16,Chennai,27.4,57.0,145,9.3,0.11,0.15,0.38,0.11,0.12
2024-10-17,Chennai,37.3,85.2,266,26.8,0.98,0.85,0.94,0.19,0.29
2024-10-18,Chennai,37.3,64.3,257,37.5,0.13,0.79,1.0,0.1,0.29
2024-10-19,Chennai,25.3,77.3,204,39.2,0.98,0.13,0.76,0.35,0.26
2024-10-20,Chennai,28.4,59.1,84,4.8,0.35,0.16,0.23,0.37,0.25
2024-10-21,Chennai,26.0,82.2,172,3.6,0.18,0.24,0.85,0.37,0.24
2024-10-22,Chennai,26.6,86.1,59,22.4,0.97,0.28,0.26,0.4,0.27
2024-10-23,Chennai,31.6,57.9,131,32.9,0.39,0.75,0.45,0.29,0.14
2024-10-24,Chennai,37.3,72.1,194,24.2,0.72,0.7,0.95,0.24,0.23
2024-10-25,Chennai,36.3,54.0,271,37.8,0.2,0.78,0.97,0.31,0.15
2024-10-26,Chennai,24.1,65.8,192,25.9,0.28,0.1,0.82,0.29,0.18
2024-10-27,Chennai,28.7,90.0,209,2.1,0.18,0.29,0.96,0.17,0.16
2024-10-28,Chennai,34.6,71.8,157,4.8,0.1,0.19,1.0,0.12,0.15
2024-10-29,Chennai,32.9,57.4,257,28.3,0.1,0.91,0.78,0.38,0.23
2024-10-30,Chennai,25.4,64.2,129,25.2,0.29,0.25,0.49,0.38,0.23
2024-10-31,Chennai,30.6,62.8,300,14.3,0.25,0.62,0.93,0.29,0.1
2024-11-01,Chennai,29.8,73.6,87,25.1,0.91,0.11,0.41,0.4,0.22
2024-11-02,Chennai,33.1,50.8,185,21.5,0.11,0.79,0.81,0.23,0.18
2024-11-03,Chennai,32.5,57.1,212,33.6,0.28,0.76,0.78,0.23,0.23
2024-11-04,Chennai,23.9,74.8,286,32.0,0.99,0.16,0.9,0.38,0.27
2024-11-05,Chennai,29.2,68.9,298,16.2,0.25,0.26,0.84,0.38,0.11
2024-11-06,Chennai,24.7,64.5,87,30.0,0.37,0.14,0.35,0.16,0.1
2024-11-07,Chennai,22.5,53.6,105,3.7,0.22,0.29,0.3,0.32,0.1
2024-11-08,Chennai,31.5,52.9,212,36.6,0.36,0.62,0.76,0.36,0.21
2024-11-09,Chennai,37.9,78.2,151,26.0,0.77,0.84,0.99,0.23,0.22
2024-11-10,Chennai,26.0,54.9,236,0.7,0.19,0.27,0.8,0.24,0.16
2024-11-11,Chennai,32.6,56.8,66,24.8,0.18,0.97,0.31,0.19,0.2
2024-11-12,Chennai,32.7,63.8,293,3.3,0.35,0.17,0.79,0.29,0.22
2024-11-13,Chennai,24.8,66.6,201,30.7,0.32,0.2,0.77,0.16,0.18
2024-11-14,Chennai,34.4,69.4,95,39.2,0.19,0.71,0.37,0.11,0.29
2024-11-15,Chennai,25.4,55.8,173,22.1,0.29,0.25,0.82,0.24,0.13
2024-11-16,Chennai,36.3,73.2,277,13.1,0.96,0.97,0.8,0.12,0.24
2024-11-17,Chennai,31.2,57.2,296,31.2,0.22,0.91,0.83,0.16,0.2
2024-11-18,Chennai,32.2,78.1,121,36.3,0.98,0.86,0.46,0.19,0.29
2024-11-19,Chennai,29.7,74.4,129,19.2,0.7,0.24,0.46,0.35,0.13
2024-11-20,Chennai,35.2,66.5,269,1.0,0.3,0.17,0.73,0.12,0.19
2024-11-21,Chennai,32.9,76.7,268,11.1,0.86,0.95,0.86,0.25,0.27
2024-11-22,Chennai,24.6,89.2,295,17.9,0.93,0.26,0.8,0.29,0.23
2024-11-23,Chennai,26.7,57.2,215,18.3,0.36,0.21,0.99,0.12,0.22
2024-11-24,Chennai,29.9,57.2,76,15.4,0.16,0.12,0.41,0.12,0.15
2024-11-25,Chennai,26.6,71.6,259,9.0,0.33,0.26,0.98,0.1,0.25
2024-11-26,Chennai,29.3,85.7,275,10.9,0.99,0.25,0.96,0.28,0.23
2024-11-27,Chennai,22.5,72.1,201,19.4,0.95,0.24,0.99,0.24,0.2
2024-11-28,Chennai,34.8,90.0,229,24.7,0.81,0.98,0.93,0.15,0.25
2024-11-29,Chennai,23.5,82.9,205,12.5,0.71,0.3,0.94,0.25,0.29
2024-11-30,Chennai,28.7,77.3,88,5.1,0.3,0.26,0.37,0.24,0.22
2024-12-01,Chennai,23.9,53.9,89,38.1,0.39,0.21,0.47,0.21,0.11
2024-12-02,Chennai,31.8,50.5,243,3.3,0.24,0.22,0.8,0.3,0.16
2024-12-03,Chennai,29.2,51.3,83,3.0,0.12,0.11,0.38,0.22,0.17
2024-12-04,Chennai,35.5,63.9,154,24.9,0.25,0.96,0.95,0.14,0.19
2024-12-05,Chennai,31.2,81.3,129,28.1,0.95,0.87,0.35,0.12,0.23
2024-12-06,Chennai,30.1,64.1,59,19.6,0.25,0.72,0.28,0.16,0.19
2024-12-07,Chennai,27.8,54.1,186,16.5,0.14,0.21,0.88,0.31,0.27
2024-12-08,Chennai,30.7,70.3,122,12.2,0.72,0.62,0.4,0.3,0.3
2024-12-09,Chennai,30.2,81.4,293,37.8,0.92,0.96,0.76,0.3,0.28
2024-12-10,Chennai,35.2,78.9,168,33.4,0.75,0.61,0.77,0.28,0.2
2024-12-11,Chennai,28.6,88.8,286,15.9,0.83,0.14,0.8,0.18,0.18
2024-12-12,Chennai,24.2,89.9,210,10.3,0.96,0.27,0.88,0.28,0.14
2024-12-13,Chennai,37.6,73.1,265,32.1,0.94,0.65,0.86,0.36,0.19
2024-12-14,Chennai,37.7,57.0,129,3.0,0.16,0.14,0.3,0.1,0.28
2024-12-15,Chennai,25.6,72.0,105,5.7,0.29,0.16,0.44,0.13,0.22
2024-12-16,Chennai,27.7,86.7,231,25.9,0.88,0.24,0.74,0.39,0.15
2024-12-17,Chennai,30.9,87.1,167,11.8,0.92,0.71,0.75,0.2,0.28
2024-12-18,Chennai,26.9,73.5,84,19.1,0.95,0.22,0.48,0.34,0.17
2024-12-19,Chennai,24.6,82.3,107,22.4,0.89,0.25,0.31,0.24,0.26
2024-12-20,Chennai,34.6,53.2,88,35.6,0.3,0.67,0.26,0.23,0.14
2024-12-21,Chennai,27.6,62.1,100,26.0,0.31,0.19,0.21,0.35,0.11
2024-12-22,Chennai,23.1,63.5,220,36.5,0.13,0.25,0.98,0.24,0.19
2024-12-23,Chennai,24.3,64.3,69,30.7,0.29,0.15,0.26,0.23,0.24
2024-12-24,Chennai,26.1,60.6,133,34.5,0.33,0.23,0.28,0.39,0.22
2024-12-25,Chennai,34.4,54.5,170,6.5,0.23,0.93,0.73,0.17,0.24
2024-12-26,Chennai,24.5,88.6,179,24.6,0.9,0.13,0.8,0.28,0.16
2024-12-27,Chennai,22.7,62.0,215,39.4,0.14,0.11,0.71,0.15,0.29
2024-12-28,Chennai,28.2,69.7,102,0.7,0.14,0.11,0.49,0.22,0.11
2024-12-29,Chennai,37.0,53.9,142,10.4,0.38,1.0,0.35,0.11,0.13
2024-12-30,Chennai,25.5,80.3,243,39.2,0.86,0.18,0.96,0.2,0.18
2024-12-31,Chennai,22.8,85.7,245,36.4,0.96,0.12,0.88,0.36,0.24
2025-01-01,Chennai,31.6,52.8,208,35.9,0.28,0.77,0.95,0.2,0.23
2025-01-02,Chennai,36.9,85.7,231,13.7,0.76,0.96,0.99,0.37,0.2
2025-01-03,Chennai,25.4,50.6,176,34.4,0.34,0.22,0.95,0.23,0.28
2025-01-04,Chennai,25.6,80.5,88,34.3,0.87,0.28,0.38,0.13,0.26
2025-01-05,Chennai,23.1,74.5,110,9.1,0.34,0.26,0.34,0.25,0.2
2025-01-06,Chennai,24.0,77.6,181,28.7,0.78,0.19,0.79,0.11,0.15
2025-01-07,Chennai,37.9,88.1,135,38.6,0.85,0.71,0.29,0.25,0.15
2025-01-08,Chennai,32.6,60.1,88,27.4,0.28,0.95,0.48,0.4,0.21
2025-01-09,Chennai,35.1,63.7,145,21.3,0.24,0.83,0.49,0.15,0.2
2025-01-10,Chennai,23.9,71.9,199,5.0,0.13,0.16,0.92,0.28,0.27
2025-01-11,Chennai,34.0,71.0,129,25.2,0.74,0.68,0.45,0.28,0.3
2025-01-12,Chennai,26.1,61.3,77,34.8,0.17,0.23,0.32,0.38,0.17
2025-01-13,Chennai,33.2,89.1,57,17.8,1.0,0.76,0.25,0.33,0.24
2025-01-14,Chennai,26.3,52.8,171,28.8,0.33,0.13,0.86,0.31,0.11
2025-01-15,Chennai,32.1,75.7,197,8.0,0.19,0.9,0.79,0.11,0.11
2025-01-16,Chennai,37.7,60.0,92,16.4,0.16,0.93,0.26,0.31,0.27
2025-01-17,Chennai,34.1,71.0,92,15.2,0.72,0.91,0.22,0.14,0.26
2025-01-18,Chennai,27.2,75.6,157,10.4,0.78,0.17,0.99,0.14,0.12
2025-01-19,Chennai,27.6,56.6,212,9.9,0.37,0.27,0.71,0.25,0.27
2025-01-20,Chennai,25.9,89.6,223,26.4,0.85,0.1,0.8,0.18,0.3
2025-01-21,Chennai,35.4,54.4,54,25.0,0.31,1.0,0.26,0.13,0.28
2025-01-22,Chennai,32.4,87.0,90,37.9,0.92,0.85,0.24,0.35,0.29
2025-01-23,Chennai,28.8,73.1,78,25.2,0.77,0.11,0.49,0.22,0.1
2025-01-24,Chennai,32.8,64.3,228,21.5,0.28,0.73,0.71,0.26,0.23
2025-01-25,Chennai,31.8,73.9,285,39.6,0.87,0.95,0.94,0.11,0.29
2025-01-26,Chennai,35.4,68.8,67,13.5,0.3,0.95,0.39,0.17,0.12
2025-01-27,Chennai,29.7,66.3,228,39.1,0.35,0.22,0.75,0.1,0.14
2025-01-28,Chennai,31.3,61.7,125,28.8,0.26,0.94,0.27,0.15,0.17
2025-01-29,Chennai,29.0,63.6,222,27.3,0.22,0.22,0.99,0.23,0.19
2025-01-30,Chennai,34.0,70.9,68,29.4,0.8,0.98,0.34,0.18,0.17
2025-01-31,Chennai,29.7,74.0,243,4.8,0.36,0.21,0.81,0.34,0.16
2025-02-01,Chennai,33.9,57.4,163,27.8,0.2,0.93,0.87,0.12,0.25
2025-02-02,Chennai,30.0,76.3,118,34.9,0.89,0.23,0.26,0.14,0.25
2025-02-03,Chennai,31.7,58.7,273,1.1,0.28,0.18,0.93,0.28,0.25
2025-02-04,Chennai,22.6,71.4,269,34.6,0.94,0.18,0.92,0.26,0.23
2025-02-05,Chennai,32.3,65.6,142,16.0,0.29,0.66,0.3,0.16,0.24
2025-02-06,Chennai,31.7,76.9,180,22.1,0.81,0.69,0.95,0.37,0.27
2025-02-07,Chennai,26.2,53.2,293,12.5,0.21,0.28,0.79,0.13,0.11
2025-02-08,Chennai,28.3,71.8,234,3.9,0.22,0.15,0.93,0.2,0.28
2025-02-09,Chennai,24.8,75.8,63,5.0,0.38,0.22,0.36,0.11,0.12
2025-02-10,Chennai,30.7,77.5,185,17.0,0.75,0.66,0.85,0.19,0.11
2025-02-11,Chennai,29.3,77.4,61,33.6,0.88,0.21,0.49,0.3,0.17
2025-02-12,Chennai,34.7,57.5,268,31.3,0.37,0.82,0.91,0.34,0.15
2025-02-13,Chennai,29.5,50.5,98,10.5,0.18,0.24,0.44,0.34,0.22
2025-02-14,Chennai,37.9,64.9,122,26.4,0.26,0.94,0.43,0.19,0.18
2025-02-15,Chennai,29.3,63.5,94,8.1,0.33,0.14,0.35,0.19,0.19
2025-02-16,Chennai,27.7,63.1,59,38.9,0.34,0.24,0.21,0.21,0.22
2025-02-17,Chennai,24.7,61.4,270,17.6,0.33,0.28,0.78,0.33,0.17
2025-02-18,Chennai,25.2,69.7,281,9.7,0.16,0.24,0.79,0.29,0.1
2025-02-19,Chennai,30.5,82.8,82,23.9,0.85,0.62,0.33,0.15,0.23
2025-02-20,Chennai,37.0,82.3,281,12.6,0.72,0.89,0.89,0.15,0.24
2025-02-21,Chennai,35.0,69.3,91,3.8,0.11,0.3,0.38,0.16,0.18
2025-02-22,Chennai,24.6,78.0,93,12.8,0.97,0.24,0.45,0.23,0.22
2024-08-26,Bangalore,25.4,56.2,98,19.6,0.25,0.13,0.24,0.22,0.18
2024-08-27,Bangalore,26.8,62.9,60,1.6,0.31,0.17,0.38,0.23,0.26
2024-08-28,Bangalore,26.3,48.9,140,7.3,0.35,0.29,0.38,0.34,0.12
2024-08-29,Bangalore,20.6,59.2,257,0.2,0.18,0.16,0.88,0.33,0.15
2024-08-30,Bangalore,26.9,83.8,62,10.6,0.84,0.1,0.46,0.39,0.16
2024-08-31,Bangalore,15.1,81.2,217,16.0,0.78,0.16,0.89,0.82,0.17
2024-09-01,Bangalore,28.9,79.9,292,1.9,0.26,0.17,0.93,0.33,0.28
2024-09-02,Bangalore,21.7,84.5,230,10.0,0.35,0.29,0.88,0.19,0.13
2024-09-03,Bangalore,19.4,51.5,122,0.8,0.19,0.22,0.43,0.37,0.18
2024-09-04,Bangalore,25.0,42.5,220,1.2,0.21,0.22,0.85,0.35,0.23
2024-09-05,Bangalore,29.4,41.2,280,5.9,0.35,0.29,0.79,0.25,0.29
2024-09-06,Bangalore,20.7,48.8,64,1.2,0.27,0.22,0.31,0.18,0.13
2024-09-07,Bangalore,26.6,48.9,184,6.3,0.38,0.21,0.88,0.23,0.13
2024-09-08,Bangalore,27.7,82.0,84,4.1,0.16,0.14,0.41,0.15,0.15
2024-09-09,Bangalore,29.2,76.1,173,15.9,0.95,0.29,0.82,0.35,0.17
2024-09-10,Bangalore,17.4,61.9,129,10.7,0.28,0.12,0.33,0.76,0.23
2024-09-11,Bangalore,16.7,73.9,90,11.5,0.98,0.22,0.3,0.93,0.26
2024-09-12,Bangalore,25.4,67.1,211,4.7,0.18,0.11,0.78,0.29,0.18
2024-09-13,Bangalore,22.1,54.7,253,10.7,0.14,0.25,0.76,0.14,0.26
2024-09-14,Bangalore,15.2,68.7,115,7.4,0.2,0.11,0.48,0.87,0.17
2024-09-15,Bangalore,27.7,42.2,91,10.4,0.16,0.22,0.37,0.19,0.2
2024-09-16,Bangalore,16.8,71.5,107,8.4,0.34,0.24,0.4,0.72,0.13
2024-09-17,Bangalore,15.3,71.7,276,12.8,0.78,0.16,1.0,0.82,0.16
2024-09-18,Bangalore,29.0,79.3,234,12.5,0.77,0.28,0.84,0.31,0.22
2024-09-19,Bangalore,20.6,48.4,150,19.5,0.23,0.14,0.41,0.34,0.11
2024-09-20,Bangalore,16.8,44.3,186,15.5,0.35,0.28,0.73,0.28,0.24
2024-09-21,Bangalore,19.1,49.7,187,7.6,0.32,0.16,0.78,0.38,0.16
2024-09-22,Bangalore,18.0,66.9,226,19.1,0.13,0.23,0.74,0.81,0.27
2024-09-23,Bangalore,17.5,79.3,234,7.8,0.36,0.13,0.95,0.88,0.11
2024-09-24,Bangalore,17.4,49.8,160,3.9,0.12,0.13,0.93,0.39,0.29
2024-09-25,Bangalore,22.5,66.0,203,14.1,0.33,0.21,0.74,0.34,0.16
2024-09-26,Bangalore,15.0,58.6,291,2.2,0.15,0.22,0.93,0.39,0.28
2024-09-27,Bangalore,18.1,72.7,73,9.9,0.16,0.2,0.31,0.96,0.19
2024-09-28,Bangalore,29.5,54.7,264,5.8,0.18,0.28,0.73,0.36,0.26
2024-09-29,Bangalore,17.9,55.2,215,19.8,0.23,0.24,0.88,0.18,0.16
2024-09-30,Bangalore,20.1,68.0,58,13.0,0.25,0.22,0.5,0.16,0.13
2024-10-01,Bangalore,15.6,46.2,198,13.1,0.12,0.14,0.96,0.39,0.15
2024-10-02,Bangalore,24.3,68.4,245,19.4,0.14,0.18,0.95,0.24,0.18
2024-10-03,Bangalore,20.7,53.8,209,5.7,0.21,0.28,0.75,0.11,0.19
2024-10-04,Bangalore,15.9,63.3,123,11.0,0.28,0.26,0.27,0.98,0.17
2024-10-05,Bangalore,21.3,77.7,99,4.8,0.15,0.29,0.46,0.27,0.15
2024-10-06,Bangalore,29.5,76.3,147,9.7,0.35,0.18,0.26,0.23,0.24
2024-10-07,Bangalore,23.3,40.4,60,17.9,0.12,0.12,0.37,0.3,0.15
2024-10-08,Bangalore,16.6,42.6,263,15.9,0.18,0.23,0.98,0.13,0.27
2024-10-09,Bangalore,29.8,82.3,134,14.4,0.85,0.15,0.49,0.38,0.12
2024-10-10,Bangalore,27.9,82.6,151,14.5,0.89,0.23,0.99,0.23,0.26
2024-10-11,Bangalore,25.4,63.0,55,7.7,0.22,0.29,0.46,0.21,0.14
2024-10-12,Bangalore,23.4,81.5,244,17.9,0.8,0.13,0.71,0.23,0.25
2024-10-13,Bangalore,16.4,42.6,251,11.6,0.14,0.23,0.94,0.23,0.15
2024-10-14,Bangalore,18.0,69.6,112,10.3,0.22,0.13,0.26,0.99,0.12
2024-10-15,Bangalore,25.7,66.8,250,14.4,0.17,0.17,0.96,0.26,0.11
2024-10-16,Bangalore,17.1,58.6,216,12.5,0.29,0.11,0.92,0.24,0.12
2024-10-17,Bangalore,29.5,74.3,292,5.5,0.16,0.11,0.98,0.14,0.2
2024-10-18,Bangalore,20.2,56.5,51,14.4,0.39,0.18,0.4,0.22,0.21
2024-10-19,Bangalore,23.1,85.0,292,16.6,0.85,0.28,0.94,0.26,0.26
2024-10-20,Bangalore,20.8,70.0,100,12.3,0.14,0.11,0.34,0.37,0.15
2024-10-21,Bangalore,26.0,81.1,118,0.8,0.23,0.15,0.45,0.36,0.24
2024-10-22,Bangalore,25.0,60.2,216,3.7,0.15,0.11,0.97,0.25,0.1
2024-10-23,Bangalore,28.1,57.9,197,12.8,0.24,0.15,0.83,0.13,0.22
2024-10-24,Bangalore,27.6,74.3,111,18.6,0.83,0.26,0.4,0.12,0.1
2024-10-25,Bangalore,24.0,51.7,220,9.3,0.23,0.26,0.97,0.26,0.21
2024-10-26,Bangalore,20.1,79.4,185,15.6,0.83,0.22,0.87,0.13,0.23
2024-10-27,Bangalore,26.5,78.7,244,16.7,0.76,0.25,0.74,0.25,0.19
2024-10-28,Bangalore,17.4,73.0,298,3.1,0.14,0.17,0.8,0.88,0.26
2024-10-29,Bangalore,16.9,73.1,208,6.5,0.13,0.17,0.85,0.9,0.25
2024-10-30,Bangalore,22.1,68.5,209,10.0,0.14,0.15,0.76,0.24,0.22
2024-10-31,Bangalore,29.6,77.4,250,11.7,0.74,0.15,0.93,0.37,0.22
2024-11-01,Bangalore,16.1,85.0,181,13.9,0.72,0.13,0.95,0.95,0.2
2024-11-02,Bangalore,16.6,61.1,99,18.8,0.19,0.19,0.34,0.89,0.19
2024-11-03,Bangalore,22.7,72.6,155,14.7,0.83,0.2,0.9,0.15,0.14
2024-11-04,Bangalore,21.1,74.4,110,12.7,0.79,0.28,0.26,0.18,0.27
2024-11-05,Bangalore,15.3,63.4,54,18.9,0.24,0.18,0.4,0.86,0.29
2024-11-06,Bangalore,22.1,43.6,141,17.3,0.29,0.12,0.22,0.28,0.26
2024-11-07,Bangalore,21.5,48.1,63,15.2,0.13,0.16,0.31,0.34,0.15
2024-11-08,Bangalore,29.7,62.6,271,10.6,0.19,0.19,0.75,0.12,0.14
2024-11-09,Bangalore,17.8,42.1,297,2.5,0.36,0.13,0.92,0.27,0.11
2024-11-10,Bangalore,19.2,56.5,107,16.6,0.18,0.24,0.45,0.26,0.13
2024-11-11,Bangalore,17.5,60.4,196,19.6,0.23,0.29,0.87,0.8,0.25
2024-11-12,Bangalore,22.4,58.4,129,17.0,0.27,0.24,0.41,0.3,0.17
2024-11-13,Bangalore,25.0,49.7,109,4.3,0.21,0.17,0.29,0.18,0.21
2024-11-14,Bangalore,17.2,63.3,283,6.6,0.15,0.25,0.92,0.78,0.27
2024-11-15,Bangalore,20.4,58.2,50,9.3,0.26,0.28,0.48,0.32,0.2
2024-11-16,Bangalore,23.7,67.7,180,0.1,0.19,0.14,0.95,0.36,0.29
2024-11-17,Bangalore,15.4,74.0,192,16.8,0.99,0.13,0.95,0.85,0.28
2024-11-18,Bangalore,17.4,80.5,280,18.0,0.91,0.2,0.76,0.72,0.26
2024-11-19,Bangalore,16.5,54.7,295,5.6,0.18,0.26,0.97,0.15,0.17
2024-11-20,Bangalore,15.5,53.4,298,16.0,0.12,0.13,0.76,0.28,0.2
2024-11-21,Bangalore,23.5,62.3,279,10.0,0.14,0.13,0.98,0.37,0.19
2024-11-22,Bangalore,17.8,79.0,271,19.9,0.85,0.11,0.94,0.87,0.11
2024-11-23,Bangalore,24.7,61.5,108,8.1,0.21,0.19,0.27,0.23,0.13
2024-11-24,Bangalore,23.5,84.8,183,2.3,0.21,0.25,0.92,0.21,0.19
2024-11-25,Bangalore,30.0,80.6,164,3.1,0.37,0.22,0.8,0.19,0.27
2024-11-26,Bangalore,26.1,69.7,150,12.8,0.2,0.29,0.26,0.15,0.11
2024-11-27,Bangalore,18.3,84.6,203,6.1,0.35,0.15,0.93,1.0,0.21
2024-11-28,Bangalore,23.0,54.0,99,3.0,0.26,0.14,0.47,0.11,0.15
2024-11-29,Bangalore,21.8,52.3,194,11.4,0.1,0.24,0.99,0.29,0.19
2024-11-30,Bangalore,17.6,57.2,150,10.3,0.2,0.24,0.44,0.28,0.14
2024-12-01,Bangalore,21.2,44.0,190,0.0,0.16,0.13,0.93,0.4,0.26
2024-12-02,Bangalore,21.1,41.1,284,16.1,0.25,0.11,0.86,0.23,0.2
2024-12-03,Bangalore,25.6,62.4,136,9.4,0.26,0.25,0.5,0.34,0.29
2024-12-04,Bangalore,25.6,79.0,283,4.9,0.4,0.12,0.79,0.21,0.13
2024-12-05,Bangalore,20.8,40.1,270,11.1,0.38,0.27,0.86,0.38,0.25
2024-12-06,Bangalore,24.4,56.0,64,2.5,0.15,0.17,0.44,0.36,0.12
2024-12-07,Bangalore,18.8,68.1,52,11.8,0.15,0.24,0.27,0.73,0.11
2024-12-08,Bangalore,26.6,80.3,253,9.4,0.31,0.28,0.7,0.35,0.27
2024-12-09,Bangalore,29.1,62.0,118,18.2,0.14,0.24,0.27,0.17,0.18
2024-12-10,Bangalore,24.6,48.2,291,17.3,0.1,0.22,0.98,0.1,0.19
2024-12-11,Bangalore,27.9,82.2,113,0.8,0.2,0.24,0.48,0.12,0.26
2024-12-12,Bangalore,18.2,66.8,51,2.6,0.24,0.21,0.28,0.91,0.18
2024-12-13,Bangalore,29.7,62.8,268,15.0,0.38,0.25,0.85,0.13,0.14
2024-12-14,Bangalore,22.9,65.6,287,12.3,0.19,0.14,0.91,0.12,0.2
2024-12-15,Bangalore,15.8,72.5,283,16.6,0.98,0.27,0.84,0.95,0.2
2024-12-16,Bangalore,24.9,56.7,231,13.7,0.31,0.28,0.76,0.24,0.26
2024-12-17,Bangalore,28.9,59.3,249,8.3,0.2,0.11,0.98,0.36,0.27
2024-12-18,Bangalore,22.9,48.5,282,13.3,0.28,0.17,0.75,0.14,0.12
2024-12-19,Bangalore,29.3,52.7,252,6.9,0.33,0.18,0.91,0.11,0.23
2024-12-20,Bangalore,26.0,67.1,71,4.6,0.4,0.22,0.22,0.11,0.17
2024-12-21,Bangalore,15.8,67.8,275,8.2,0.28,0.16,0.75,0.81,0.29
2024-12-22,Bangalore,28.9,49.3,295,14.0,0.14,0.24,0.99,0.13,0.21
2024-12-23,Bangalore,26.7,60.0,249,10.6,0.14,0.12,0.81,0.19,0.18
2024-12-24,Bangalore,26.3,74.1,195,3.9,0.21,0.21,0.78,0.32,0.22
2024-12-25,Bangalore,20.3,62.6,94,9.7,0.37,0.21,0.39,0.15,0.23
2024-12-26,Bangalore,20.1,82.7,75,13.6,0.92,0.13,0.23,0.2,0.2
2024-12-27,Bangalore,20.8,45.8,148,10.2,0.21,0.18,0.4,0.38,0.2
2024-12-28,Bangalore,17.6,40.7,91,17.7,0.29,0.25,0.38,0.18,0.12
2024-12-29,Bangalore,24.6,57.1,112,10.2,0.27,0.15,0.22,0.35,0.18
2024-12-30,Bangalore,28.1,44.8,144,6.9,0.19,0.14,0.29,0.26,0.24
2024-12-31,Bangalore,24.6,57.3,299,19.2,0.19,0.27,0.81,0.19,0.27
2025-01-01,Bangalore,20.2,52.6,144,12.9,0.12,0.1,0.42,0.16,0.21
2025-01-02,Bangalore,22.1,81.6,254,2.3,0.3,0.25,0.84,0.27,0.23
2025-01-03,Bangalore,19.8,70.9,94,5.4,0.27,0.17,0.48,0.86,0.19
2025-01-04,Bangalore,27.4,72.2,282,11.5,1.0,0.21,0.85,0.16,0.13
2025-01-05,Bangalore,27.7,55.9,67,4.3,0.11,0.19,0.4,0.11,0.3
2025-01-06,Bangalore,21.5,83.0,218,2.0,0.28,0.18,0.85,0.36,0.26
2025-01-07,Bangalore,19.3,68.2,99,0.2,0.22,0.13,0.38,0.75,0.24
2025-01-08,Bangalore,15.3,63.3,120,14.6,0.38,0.27,0.31,0.87,0.28
2025-01-09,Bangalore,20.0,78.3,245,7.8,0.25,0.18,0.94,0.28,0.23
2025-01-10,Bangalore,27.1,73.3,272,5.9,0.22,0.19,0.87,0.27,0.22
2025-01-11,Bangalore,28.6,59.9,261,15.6,0.18,0.11,0.82,0.17,0.13
2025-01-12,Bangalore,26.8,71.8,58,2.8,0.37,0.25,0.37,0.2,0.23
2025-01-13,Bangalore,17.4,56.7,257,14.1,0.14,0.22,0.75,0.31,0.22
2025-01-14,Bangalore,29.3,50.7,99,4.3,0.14,0.2,0.33,0.18,0.19
2025-01-15,Bangalore,20.3,45.5,61,1.9,0.38,0.19,0.43,0.13,0.22
2025-01-16,Bangalore,28.0,72.3,220,2.2,0.11,0.15,0.99,0.33,0.21
2025-01-17,Bangalore,20.2,43.4,82,3.0,0.2,0.25,0.23,0.32,0.23
2025-01-18,Bangalore,20.4,68.6,238,11.6,0.38,0.16,0.82,0.19,0.18
2025-01-19,Bangalore,18.6,84.5,117,15.4,0.78,0.25,0.32,0.94,0.27
2025-01-20,Bangalore,28.6,56.7,152,6.0,0.32,0.23,0.96,0.28,0.16
2025-01-21,Bangalore,16.6,82.0,209,6.9,0.22,0.22,0.99,0.98,0.24
2025-01-22,Bangalore,24.4,40.9,167,5.6,0.16,0.16,0.9,0.32,0.21
2025-01-23,Bangalore,23.0,73.2,78,8.4,0.16,0.15,0.46,0.23,0.22
2025-01-24,Bangalore,20.0,40.3,163,13.4,0.37,0.27,0.84,0.17,0.27
2025-01-25,Bangalore,16.5,77.7,250,16.9,0.78,0.11,0.82,0.93,0.3
2025-01-26,Bangalore,15.7,67.4,191,12.2,0.2,0.2,0.98,0.75,0.18
2025-01-27,Bangalore,21.3,56.1,239,9.7,0.12,0.22,0.86,0.32,0.12
2025-01-28,Bangalore,29.3,77.5,169,14.0,0.97,0.29,0.76,0.11,0.13
2025-01-29,Bangalore,22.5,68.0,51,7.2,0.32,0.26,0.39,0.36,0.29
2025-01-30,Bangalore,17.7,47.8,131,18.2,0.13,0.23,0.36,0.24,0.2
2025-01-31,Bangalore,21.9,69.5,203,0.4,0.32,0.29,0.73,0.13,0.27
2025-02-01,Bangalore,19.1,73.4,110,8.3,0.11,0.2,0.31,0.86,0.12
2025-02-02,Bangalore,21.3,42.2,94,14.5,0.4,0.13,0.32,0.22,0.13
2025-02-03,Bangalore,16.0,42.2,73,2.0,0.25,0.26,0.23,0.15,0.15
2025-02-04,Bangalore,18.5,75.2,131,11.4,0.96,0.19,0.38,0.7,0.2
2025-02-05,Bangalore,15.5,46.7,247,3.0,0.13,0.18,0.73,0.25,0.24
2025-02-06,Bangalore,29.3,65.3,157,5.3,0.19,0.24,0.84,0.24,0.24
2025-02-07,Bangalore,25.2,74.8,50,5.8,0.3,0.11,0.29,0.19,0.23
2025-02-08,Bangalore,17.5,77.8,226,10.3,0.96,0.22,0.86,0.99,0.13
2025-02-09,Bangalore,22.5,76.8,254,4.2,0.31,0.2,0.88,0.19,0.11
2025-02-10,Bangalore,25.3,81.2,251,0.2,0.2,0.25,0.92,0.33,0.27
2025-02-11,Bangalore,19.9,55.0,153,8.9,0.19,0.11,0.94,0.18,0.22
2025-02-12,Bangalore,19.3,59.9,121,2.7,0.26,0.2,0.49,0.18,0.13
2025-02-13,Bangalore,28.5,81.7,219,1.5,0.31,0.18,0.74,0.13,0.18
2025-02-14,Bangalore,17.6,82.8,267,19.0,0.98,0.18,0.89,0.95,0.27
2025-02-15,Bangalore,18.1,53.1,279,4.4,0.38,0.12,0.96,0.23,0.13
2025-02-16,Bangalore,19.8,41.7,244,16.9,0.23,0.14,0.76,0.3,0.14
2025-02-17,Bangalore,24.7,78.8,71,14.8,0.77,0.25,0.41,0.33,0.21
2025-02-18,Bangalore,26.0,57.9,144,6.9,0.19,0.27,0.33,0.25,0.28
2025-02-19,Bangalore,23.4,50.1,208,19.4,0.27,0.17,0.81,0.38,0.22
2025-02-20,Bangalore,22.4,76.7,79,7.4,0.39,0.15,0.46,0.34,0.19
2025-02-21,Bangalore,18.4,69.9,240,16.9,0.15,0.12,0.79,0.72,0.2
2025-02-22,Bangalore,20.2,52.8,141,3.6,0.33,0.28,0.27,0.11,0.24
2024-08-26,Kolkata,29.2,57.0,235,12.8,0.33,0.26,0.87,0.37,0.2
2024-08-27,Kolkata,31.1,72.8,272,30.1,0.71,0.87,0.76,0.4,0.19
2024-08-28,Kolkata,21.0,80.9,269,24.6,1.0,0.12,0.86,0.31,0.26
2024-08-29,Kolkata,30.1,82.9,290,28.9,0.97,0.77,0.74,0.28,0.13
2024-08-30,Kolkata,27.3,68.8,276,1.0,0.39,0.14,0.88,0.26,0.22
2024-08-31,Kolkata,20.5,64.6,275,1.1,0.34,0.24,0.77,0.15,0.25
2024-09-01,Kolkata,33.1,66.8,236,7.8,0.18,0.88,0.79,0.36,0.12
2024-09-02,Kolkata,25.6,64.2,109,7.8,0.2,0.18,0.34,0.16,0.25
2024-09-03,Kolkata,34.2,61.2,178,0.9,0.19,0.28,0.97,0.27,0.24
2024-09-04,Kolkata,31.7,89.6,92,29.6,0.95,0.93,0.45,0.21,0.2
2024-09-05,Kolkata,30.0,79.3,161,27.6,0.72,0.29,0.98,0.25,0.22
2024-09-06,Kolkata,21.5,84.3,138,30.6,0.89,0.19,0.39,0.16,0.26
2024-09-07,Kolkata,27.6,74.6,189,23.3,0.78,0.15,1.0,0.4,0.24
2024-09-08,Kolkata,24.9,73.0,133,29.8,0.86,0.22,0.44,0.28,0.29
2024-09-09,Kolkata,20.0,79.5,152,7.3,0.19,0.21,0.83,0.29,0.28
2024-09-10,Kolkata,22.5,59.5,130,11.0,0.27,0.18,0.43,0.24,0.23
2024-09-11,Kolkata,21.9,71.3,166,7.2,0.36,0.16,0.91,0.11,0.26
2024-09-12,Kolkata,31.1,61.7,93,4.1,0.11,0.19,0.46,0.12,0.3
2024-09-13,Kolkata,23.1,66.3,190,1.2,0.3,0.18,0.97,0.19,0.25
2024-09-14,Kolkata,19.9,69.7,185,23.2,0.26,0.25,0.71,0.72,0.24
2024-09-15,Kolkata,31.8,82.0,188,8.5,0.29,0.81,0.92,0.16,0.18
2024-09-16,Kolkata,20.8,65.3,161,18.3,0.22,0.2,0.82,0.12,0.15
2024-09-17,Kolkata,27.8,57.4,215,7.7,0.34,0.2,0.95,0.27,0.2
2024-09-18,Kolkata,26.5,64.9,70,34.9,0.12,0.17,0.41,0.22,0.16
2024-09-19,Kolkata,26.3,89.0,188,18.7,0.87,0.27,0.91,0.27,0.17
2024-09-20,Kolkata,19.4,76.0,78,2.4,0.3,0.14,0.27,0.76,0.13
2024-09-21,Kolkata,36.4,80.0,75,34.3,0.94,0.73,0.35,0.29,0.14
2024-09-22,Kolkata,19.0,88.4,167,22.4,0.75,0.12,0.96,0.92,0.18
2024-09-23,Kolkata,24.4,55.5,105,16.1,0.37,0.18,0.3,0.19,0.24
2024-09-24,Kolkata,28.6,55.7,286,16.8,0.22,0.12,0.98,0.27,0.15
2024-09-25,Kolkata,25.0,69.5,92,19.1,0.23,0.25,0.46,0.18,0.17
2024-09-26,Kolkata,30.1,88.8,200,12.6,0.94,0.85,0.86,0.25,0.1
2024-09-27,Kolkata,31.3,73.3,256,18.9,0.76,0.69,0.7,0.18,0.24
2024-09-28,Kolkata,19.5,72.0,299,22.7,0.99,0.16,0.78,0.88,0.28
2024-09-29,Kolkata,34.8,71.1,70,3.6,0.2,0.18,0.23,0.29,0.18
2024-09-30,Kolkata,32.1,55.9,164,14.3,0.34,0.8,0.95,0.25,0.25
2024-10-01,Kolkata,24.0,85.4,298,23.4,0.91,0.25,0.8,0.15,0.24
2024-10-02,Kolkata,29.6,55.3,118,9.1,0.13,0.26,0.25,0.23,0.28
2024-10-03,Kolkata,32.6,71.8,82,34.9,0.99,0.88,0.36,0.3,0.15
2024-10-04,Kolkata,22.5,74.5,104,10.2,0.72,0.21,0.33,0.13,0.27
2024-10-05,Kolkata,25.8,64.4,299,0.0,0.34,0.2,0.89,0.1,0.18
2024-10-06,Kolkata,30.8,88.4,213,10.8,0.7,0.86,0.99,0.15,0.3
2024-10-07,Kolkata,34.9,86.6,97,5.6,0.31,0.77,0.42,0.12,0.12
2024-10-08,Kolkata,27.8,67.2,274,21.1,0.38,0.17,0.99,0.28,0.16
2024-10-09,Kolkata,28.4,87.8,186,18.5,0.77,0.23,0.78,0.38,0.22
2024-10-10,Kolkata,28.8,76.1,286,15.8,0.96,0.13,0.79,0.39,0.18
2024-10-11,Kolkata,29.3,87.0,280,28.5,0.93,0.14,0.74,0.14,0.15
2024-10-12,Kolkata,33.2,78.4,199,25.9,0.84,0.85,0.78,0.32,0.27
2024-10-13,Kolkata,24.1,76.3,64,19.0,0.88,0.13,0.5,0.14,0.16
2024-10-14,Kolkata,25.4,59.3,264,27.3,0.39,0.19,0.96,0.12,0.27
2024-10-15,Kolkata,29.3,63.2,187,25.6,0.25,0.3,0.88,0.1,0.3
2024-10-16,Kolkata,29.5,62.4,79,13.9,0.26,0.2,0.4,0.32,0.14
2024-10-17,Kolkata,25.7,77.3,124,15.8,0.94,0.18,0.46,0.13,0.11
2024-10-18,Kolkata,30.3,77.7,273,25.1,0.94,0.87,0.88,0.33,0.11
2024-10-19,Kolkata,26.3,79.7,84,2.5,0.27,0.16,0.31,0.28,0.1
2024-10-20,Kolkata,31.3,65.2,155,22.6,0.21,0.9,0.93,0.11,0.26
2024-10-21,Kolkata,34.9,69.3,120,1.4,0.34,0.29,0.49,0.12,0.26
2024-10-22,Kolkata,24.8,77.8,286,0.9,0.13,0.28,0.93,0.38,0.16
2024-10-23,Kolkata,26.0,67.2,105,26.8,0.33,0.2,0.28,0.38,0.26
2024-10-24,Kolkata,20.7,87.5,58,31.3,0.71,0.11,0.46,0.33,0.23
2024-10-25,Kolkata,22.7,72.5,69,33.2,0.93,0.16,0.38,0.11,0.27
2024-10-26,Kolkata,22.2,57.8,74,20.3,0.21,0.22,0.32,0.18,0.27
2024-10-27,Kolkata,19.7,64.5,143,31.0,0.19,0.22,0.28,0.79,0.17
2024-10-28,Kolkata,26.1,66.0,283,5.3,0.26,0.18,0.78,0.36,0.21
2024-10-29,Kolkata,20.3,77.2,102,13.6,0.93,0.12,0.37,0.14,0.21
2024-10-30,Kolkata,25.8,79.1,90,0.6,0.23,0.12,0.25,0.34,0.13
2024-10-31,Kolkata,22.7,83.3,89,32.5,0.81,0.1,0.42,0.24,0.21
2024-11-01,Kolkata,22.8,70.8,198,19.2,0.96,0.12,0.77,0.32,0.15
2024-11-02,Kolkata,22.7,61.5,289,24.1,0.26,0.3,0.81,0.33,0.21
2024-11-03,Kolkata,36.7,55.9,134,25.3,0.23,0.89,0.29,0.34,0.27
2024-11-04,Kolkata,25.1,65.6,234,28.6,0.17,0.24,0.96,0.11,0.1
2024-11-05,Kolkata,20.9,79.4,154,26.2,0.74,0.18,0.77,0.36,0.14
2024-11-06,Kolkata,29.1,89.4,129,13.0,0.76,0.17,0.3,0.16,0.26
2024-11-07,Kolkata,22.0,76.9,148,33.1,0.85,0.13,0.35,0.26,0.12
2024-11-08,Kolkata,24.5,68.2,292,31.1,0.26,0.17,0.74,0.26,0.15
2024-11-09,Kolkata,21.0,73.7,202,32.6,0.86,0.28,0.88,0.3,0.26
2024-11-10,Kolkata,22.1,64.1,134,20.8,0.21,0.13,0.34,0.25,0.26
2024-11-11,Kolkata,25.3,55.4,264,1.9,0.18,0.25,0.95,0.36,0.11
2024-11-12,Kolkata,36.0,61.6,134,16.5,0.35,0.94,0.21,0.37,0.21
2024-11-13,Kolkata,31.2,58.8,141,20.2,0.32,0.63,0.4,0.29,0.14
2024-11-14,Kolkata,23.6,83.8,89,1.1,0.14,0.1,0.29,0.24,0.14
2024-11-15,Kolkata,24.5,66.5,260,23.7,0.34,0.2,0.87,0.18,0.14
2024-11-16,Kolkata,36.4,79.0,172,27.7,0.89,0.8,0.83,0.14,0.17
2024-11-17,Kolkata,32.3,72.6,211,0.4,0.1,0.22,0.98,0.19,0.26
2024-11-18,Kolkata,25.6,63.4,203,13.3,0.38,0.2,0.86,0.31,0.14
2024-11-19,Kolkata,34.5,62.0,209,1.1,0.32,0.24,0.94,0.18,0.28
2024-11-20,Kolkata,34.6,72.5,147,4.1,0.18,0.25,0.43,0.3,0.13
2024-11-21,Kolkata,26.4,58.3,111,35.0,0.19,0.16,0.28,0.17,0.18
2024-11-22,Kolkata,28.6,75.1,273,24.1,0.81,0.2,0.95,0.29,0.17
2024-11-23,Kolkata,33.0,58.2,199,23.1,0.25,0.83,0.85,0.25,0.15
2024-11-24,Kolkata,23.4,80.6,56,23.6,0.8,0.14,0.41,0.26,0.18
2024-11-25,Kolkata,29.0,83.8,137,14.9,0.87,0.19,0.35,0.25,0.17
2024-11-26,Kolkata,26.7,67.1,167,17.1,0.29,0.28,0.89,0.37,0.21
2024-11-27,Kolkata,25.3,89.5,226,0.4,0.28,0.24,0.78,0.18,0.12
2024-11-28,Kolkata,30.1,75.3,242,22.4,0.84,0.83,0.97,0.34,0.15
2024-11-29,Kolkata,35.2,84.1,133,23.8,0.72,0.61,0.49,0.35,0.13
2024-11-30,Kolkata,32.1,71.0,149,29.7,0.72,0.61,0.3,0.21,0.19
2024-12-01,Kolkata,19.7,83.8,118,11.5,0.78,0.19,0.41,0.99,0.11
2024-12-02,Kolkata,21.8,67.6,98,21.4,0.18,0.15,0.24,0.32,0.12
2024-12-03,Kolkata,23.4,60.2,252,6.6,0.1,0.11,0.91,0.18,0.13
2024-12-04,Kolkata,19.3,77.7,98,20.7,0.96,0.27,0.46,0.7,0.26
2024-12-05,Kolkata,25.1,63.0,101,1.8,0.16,0.16,0.47,0.33,0.11
2024-12-06,Kolkata,18.6,64.4,111,28.8,0.11,0.18,0.4,0.81,0.14
2024-12-07,Kolkata,30.3,79.9,134,5.8,0.3,0.85,0.46,0.14,0.17
2024-12-08,Kolkata,20.3,69.7,241,29.8,0.26,0.16,0.88,0.28,0.2
2024-12-09,Kolkata,30.7,83.7,87,23.7,0.95,0.66,0.3,0.14,0.27
2024-12-10,Kolkata,23.6,62.3,234,32.2,0.22,0.28,0.83,0.31,0.24
2024-12-11,Kolkata,31.0,80.0,286,9.8,0.36,0.84,0.75,0.26,0.28
2024-12-12,Kolkata,29.0,56.4,148,2.7,0.35,0.16,0.25,0.13,0.29
2024-12-13,Kolkata,36.2,57.9,197,16.7,0.23,0.89,0.84,0.23,0.14
2024-12-14,Kolkata,28.0,61.2,192,30.9,0.25,0.28,0.84,0.32,0.22
2024-12-15,Kolkata,18.8,58.2,263,33.0,0.31,0.21,0.93,0.32,0.27
2024-12-16,Kolkata,31.2,61.5,274,27.6,0.36,0.65,0.88,0.38,0.21
2024-12-17,Kolkata,22.0,81.4,140,18.9,0.85,0.2,0.34,0.27,0.15
2024-12-18,Kolkata,20.8,88.6,299,28.7,0.98,0.13,0.92,0.33,0.21
2024-12-19,Kolkata,22.3,69.2,171,13.3,0.16,0.27,0.91,0.12,0.13
2024-12-20,Kolkata,31.1,59.9,233,11.4,0.3,0.68,0.9,0.22,0.19
2024-12-21,Kolkata,24.2,70.8,254,1.5,0.21,0.12,0.78,0.13,0.17
2024-12-22,Kolkata,27.7,63.0,75,18.9,0.29,0.26,0.42,0.24,0.22
2024-12-23,Kolkata,22.7,85.5,111,30.5,0.79,0.28,0.4,0.31,0.2
2024-12-24,Kolkata,19.8,71.3,123,20.3,0.89,0.22,0.32,0.94,0.21
2024-12-25,Kolkata,21.1,59.7,94,25.2,0.22,0.15,0.41,0.15,0.26
2024-12-26,Kolkata,23.7,79.7,245,14.3,0.95,0.12,0.86,0.11,0.26
2024-12-27,Kolkata,35.8,66.1,256,31.3,0.3,0.7,0.75,0.25,0.19
2024-12-28,Kolkata,25.4,61.7,88,25.8,0.31,0.17,0.28,0.1,0.19
2024-12-29,Kolkata,34.1,73.8,268,18.2,0.75,0.88,0.88,0.39,0.21
2024-12-30,Kolkata,19.2,86.2,218,13.9,0.87,0.26,0.86,0.74,0.11
2024-12-31,Kolkata,18.3,72.2,196,2.9,0.32,0.25,0.89,0.73,0.15
2025-01-01,Kolkata,20.3,64.0,298,3.4,0.27,0.11,0.75,0.35,0.18
2025-01-02,Kolkata,30.0,73.1,191,18.9,0.99,0.26,0.89,0.13,0.12
2025-01-03,Kolkata,27.6,72.4,146,3.9,0.33,0.15,0.39,0.21,0.29
2025-01-04,Kolkata,27.4,66.6,254,29.6,0.19,0.28,0.8,0.21,0.27
2025-01-05,Kolkata,26.9,61.5,262,5.6,0.36,0.22,0.83,0.13,0.25
2025-01-06,Kolkata,25.5,78.1,121,5.0,0.16,0.27,0.45,0.2,0.14
2025-01-07,Kolkata,28.6,58.9,178,23.2,0.22,0.25,0.88,0.34,0.18
2025-01-08,Kolkata,19.5,68.3,108,22.7,0.27,0.25,0.27,0.96,0.14
2025-01-09,Kolkata,22.4,88.3,116,13.9,0.71,0.2,0.32,0.23,0.11
2025-01-10,Kolkata,18.8,74.9,193,3.1,0.11,0.25,0.92,0.93,0.16
2025-01-11,Kolkata,31.9,63.0,84,17.8,0.35,0.63,0.24,0.14,0.28
2025-01-12,Kolkata,20.8,59.5,286,19.0,0.25,0.17,0.86,0.11,0.18
2025-01-13,Kolkata,30.5,57.9,257,15.3,0.31,0.67,0.78,0.27,0.12
2025-01-14,Kolkata,22.7,65.4,196,0.0,0.36,0.18,0.7,0.31,0.24
2025-01-15,Kolkata,36.8,74.6,162,25.2,0.88,0.89,0.76,0.26,0.22
2025-01-16,Kolkata,32.6,78.1,149,16.6,0.96,0.6,0.24,0.37,0.15
2025-01-17,Kolkata,23.8,66.0,129,25.0,0.26,0.2,0.41,0.15,0.28
2025-01-18,Kolkata,21.3,87.7,101,30.5,0.78,0.21,0.48,0.29,0.13
2025-01-19,Kolkata,33.8,74.1,158,4.0,0.16,0.18,0.93,0.27,0.28
2025-01-20,Kolkata,34.8,72.7,272,32.3,0.92,0.9,0.91,0.16,0.19
2025-01-21,Kolkata,35.1,78.8,70,7.5,0.22,0.87,0.31,0.38,0.28
2025-01-22,Kolkata,34.4,75.2,172,34.4,0.7,0.81,0.72,0.24,0.27
2025-01-23,Kolkata,23.8,74.1,81,26.0,0.72,0.27,0.31,0.38,0.14
2025-01-24,Kolkata,33.5,78.2,210,19.7,0.93,0.63,0.9,0.29,0.27
2025-01-25,Kolkata,32.3,60.0,182,18.7,0.26,0.78,0.91,0.33,0.29
2025-01-26,Kolkata,27.8,57.8,140,30.7,0.2,0.17,0.41,0.11,0.18
2025-01-27,Kolkata,19.8,82.7,249,9.4,0.15,0.12,0.77,0.77,0.29
2025-01-28,Kolkata,22.0,57.7,267,21.9,0.34,0.17,0.99,0.34,0.28
2025-01-29,Kolkata,27.4,73.3,134,4.9,0.28,0.11,0.34,0.19,0.29
2025-01-30,Kolkata,28.0,86.3,276,22.5,0.71,0.12,0.96,0.24,0.16
2025-01-31,Kolkata,34.6,68.9,105,18.0,0.21,0.95,0.37,0.29,0.17
2025-02-01,Kolkata,23.1,64.7,145,12.3,0.31,0.18,0.44,0.3,0.16
2025-02-02,Kolkata,33.7,77.3,61,28.4,0.81,0.66,0.33,0.33,0.27
2025-02-03,Kolkata,22.7,61.5,180,23.1,0.33,0.12,0.88,0.39,0.24
2025-02-04,Kolkata,25.3,64.5,295,17.7,0.28,0.18,0.94,0.3,0.23
2025-02-05,Kolkata,36.9,63.1,63,3.7,0.28,0.11,0.27,0.34,0.24
2025-02-06,Kolkata,33.4,82.5,290,18.9,0.71,0.89,0.84,0.18,0.2
2025-02-07,Kolkata,22.7,79.0,246,2.4,0.27,0.16,0.92,0.31,0.17
2025-02-08,Kolkata,20.1,63.6,288,30.0,0.35,0.15,0.91,0.2,0.14
2025-02-09,Kolkata,36.3,78.7,237,18.4,0.75,0.97,0.77,0.2,0.11
2025-02-10,Kolkata,20.0,56.7,105,23.0,0.36,0.15,0.27,0.32,0.15
2025-02-11,Kolkata,18.3,74.6,161,20.1,0.72,0.27,0.9,0.97,0.14
2025-02-12,Kolkata,32.1,65.3,188,13.5,0.16,0.99,0.72,0.31,0.19
2025-02-13,Kolkata,33.7,70.2,153,26.6,0.75,0.69,0.74,0.15,0.26
2025-02-14,Kolkata,23.0,66.4,282,21.2,0.15,0.19,0.77,0.2,0.19
2025-02-15,Kolkata,23.5,73.2,144,12.7,0.78,0.15,0.33,0.2,0.24
2025-02-16,Kolkata,36.3,62.0,112,26.6,0.17,0.89,0.32,0.32,0.2
2025-02-17,Kolkata,19.8,58.0,253,23.6,0.31,0.26,0.73,0.2,0.28
2025-02-18,Kolkata,29.4,63.4,288,18.1,0.35,0.16,0.87,0.27,0.26
2025-02-19,Kolkata,20.1,73.6,153,6.7,0.32,0.26,0.79,0.26,0.16
2025-02-20,Kolkata,19.3,89.5,183,33.7,0.76,0.21,0.84,0.96,0.22
2025-02-21,Kolkata,27.8,72.6,105,21.7,0.86,0.25,0.45,0.36,0.15
2025-02-22,Kolkata,34.8,87.3,227,20.6,0.82,0.62,0.93,0.18,0.22
